{"client":"Thunder Client","collectionName":"card","dateExported":"2022-09-12T20:23:58.188Z","version":"1.1","folders":[],"requests":[{"_id":"90c9a6ee-7bbd-4fb5-97ae-c7774ac7528b","colId":"d8e795a1-87e6-488f-b339-f9fc55d55acb","containerId":"","name":"Delete card by ID","url":"localhost:5000/cards/1","method":"DELETE","sortNum":10000,"created":"2022-09-11T13:35:39.116Z","modified":"2022-09-11T13:55:44.654Z","headers":[{"name":"Authorization","value":"eyJhbGciOiJIUzI1NiIsInR5cCI6IkpXVCJ9.eyJpZCI6MSwiaWF0IjoxNjYyODcxMjEyfQ.XKNAJAANMYKiwI2M3aOzgTYAN5Am7vtggmRpbVjHfv4"}],"params":[],"tests":[]},{"_id":"9d30d6d0-8698-4539-a32b-4df9d01ff0a9","colId":"d8e795a1-87e6-488f-b339-f9fc55d55acb","containerId":"","name":"Get All cards by user ID","url":"localhost:5000/cards","method":"GET","sortNum":20000,"created":"2022-09-11T13:35:39.118Z","modified":"2022-09-11T13:37:16.693Z","headers":[{"name":"Authorization","value":"eyJhbGciOiJIUzI1NiIsInR5cCI6IkpXVCJ9.eyJpZCI6MSwiaWF0IjoxNjYyODcxMjEyfQ.XKNAJAANMYKiwI2M3aOzgTYAN5Am7vtggmRpbVjHfv4"}],"params":[],"tests":[]},{"_id":"136cd6fe-e200-4f8b-9b86-806bbd79c6e5","colId":"d8e795a1-87e6-488f-b339-f9fc55d55acb","containerId":"","name":"Get card by its ID","url":"localhost:5000/cards/1","method":"GET","sortNum":30000,"created":"2022-09-11T13:35:39.119Z","modified":"2022-09-11T13:55:29.109Z","headers":[{"name":"Authorization","value":"eyJhbGciOiJIUzI1NiIsInR5cCI6IkpXVCJ9.eyJpZCI6MSwiaWF0IjoxNjYyODcxMjEyfQ.XKNAJAANMYKiwI2M3aOzgTYAN5Am7vtggmRpbVjHfv4"}],"params":[],"tests":[]},{"_id":"8119d9e7-6cb6-4c6e-b7de-cfae1346ab59","colId":"d8e795a1-87e6-488f-b339-f9fc55d55acb","containerId":"","name":"Create new card","url":"localhost:5000/credentials","method":"POST","sortNum":40000,"created":"2022-09-11T13:35:39.120Z","modified":"2022-09-11T13:35:39.120Z","headers":[{"name":"Authorization","value":"eyJhbGciOiJIUzI1NiIsInR5cCI6IkpXVCJ9.eyJpZCI6MSwiaWF0IjoxNjYyODcxMjEyfQ.XKNAJAANMYKiwI2M3aOzgTYAN5Am7vtggmRpbVjHfv4"}],"params":[],"body":{"type":"json","raw":"{\n  \"url\":\"https://facebook.com\",\n  \"username\":\"afonso\",\n  \"password\":\"12345\",\n  \"title\":\"facebook 2\"\n}","form":[]},"tests":[]}]}
