{"client":"Thunder Client","collectionName":"credential","dateExported":"2022-09-12T20:23:20.235Z","version":"1.1","folders":[],"requests":[{"_id":"4d44ec74-3937-4a4f-931e-66bfa3c3e7ae","colId":"a5eff803-20af-4b42-b29e-0ec832c1762e","containerId":"","name":"Delete by ID","url":"localhost:5000/credentials/1","method":"DELETE","sortNum":10000,"created":"2022-09-11T12:59:19.261Z","modified":"2022-09-11T12:59:19.261Z","headers":[{"name":"Authorization","value":"eyJhbGciOiJIUzI1NiIsInR5cCI6IkpXVCJ9.eyJpZCI6MSwiaWF0IjoxNjYyODcxMjEyfQ.XKNAJAANMYKiwI2M3aOzgTYAN5Am7vtggmRpbVjHfv4"}],"params":[],"tests":[]},{"_id":"d136ed19-f768-43a5-a31c-b6552ce77d8a","colId":"a5eff803-20af-4b42-b29e-0ec832c1762e","containerId":"","name":"Get All by user ID","url":"localhost:5000/credentials","method":"GET","sortNum":20000,"created":"2022-09-11T13:00:19.225Z","modified":"2022-09-11T13:00:19.225Z","headers":[{"name":"Authorization","value":"eyJhbGciOiJIUzI1NiIsInR5cCI6IkpXVCJ9.eyJpZCI6MSwiaWF0IjoxNjYyODcxMjEyfQ.XKNAJAANMYKiwI2M3aOzgTYAN5Am7vtggmRpbVjHfv4"}],"params":[],"tests":[]},{"_id":"679d64e1-3bb2-44aa-9ae2-83ce687dd130","colId":"a5eff803-20af-4b42-b29e-0ec832c1762e","containerId":"","name":"Get by its ID","url":"localhost:5000/credentials/1","method":"GET","sortNum":30000,"created":"2022-09-11T13:00:41.139Z","modified":"2022-09-11T13:00:41.139Z","headers":[{"name":"Authorization","value":"eyJhbGciOiJIUzI1NiIsInR5cCI6IkpXVCJ9.eyJpZCI6MSwiaWF0IjoxNjYyODcxMjEyfQ.XKNAJAANMYKiwI2M3aOzgTYAN5Am7vtggmRpbVjHfv4"}],"params":[],"tests":[]},{"_id":"3e580d94-8d26-4f8b-a0d5-a5e4e2e8bc78","colId":"a5eff803-20af-4b42-b29e-0ec832c1762e","containerId":"","name":"Create new","url":"localhost:5000/credentials","method":"POST","sortNum":40000,"created":"2022-09-11T13:00:57.960Z","modified":"2022-09-11T13:00:57.960Z","headers":[{"name":"Authorization","value":"eyJhbGciOiJIUzI1NiIsInR5cCI6IkpXVCJ9.eyJpZCI6MSwiaWF0IjoxNjYyODcxMjEyfQ.XKNAJAANMYKiwI2M3aOzgTYAN5Am7vtggmRpbVjHfv4"}],"params":[],"body":{"type":"json","raw":"{\n  \"url\":\"https://facebook.com\",\n  \"username\":\"afonso\",\n  \"password\":\"12345\",\n  \"title\":\"facebook 2\"\n}","form":[]},"tests":[]}]}
