{"client":"Thunder Client","collectionName":"note","dateExported":"2022-09-12T20:23:53.906Z","version":"1.1","folders":[],"requests":[{"_id":"c60a295a-2029-4bb8-a665-2b29ac174ce5","colId":"a4151f08-88d1-4a20-aa81-1e086bc903f5","containerId":"","name":"Delete by ID","url":"localhost:5000/notes/1","method":"DELETE","sortNum":10000,"created":"2022-09-11T14:16:53.894Z","modified":"2022-09-11T14:17:09.489Z","headers":[{"name":"Authorization","value":"eyJhbGciOiJIUzI1NiIsInR5cCI6IkpXVCJ9.eyJpZCI6MSwiaWF0IjoxNjYyODcxMjEyfQ.XKNAJAANMYKiwI2M3aOzgTYAN5Am7vtggmRpbVjHfv4"}],"params":[],"tests":[]},{"_id":"cb9180ce-7a23-4886-b703-73cc431eaa0b","colId":"a4151f08-88d1-4a20-aa81-1e086bc903f5","containerId":"","name":"Get All by user ID","url":"localhost:5000/notes","method":"GET","sortNum":20000,"created":"2022-09-11T14:16:53.895Z","modified":"2022-09-11T14:22:49.284Z","headers":[{"name":"Authorization","value":"eyJhbGciOiJIUzI1NiIsInR5cCI6IkpXVCJ9.eyJpZCI6MSwiaWF0IjoxNjYyODcxMjEyfQ.XKNAJAANMYKiwI2M3aOzgTYAN5Am7vtggmRpbVjHfv4"}],"params":[],"tests":[]},{"_id":"c279261f-3b8f-4b5a-8115-2c9dda616f57","colId":"a4151f08-88d1-4a20-aa81-1e086bc903f5","containerId":"","name":"Get by its ID","url":"localhost:5000/notes/1","method":"GET","sortNum":30000,"created":"2022-09-11T14:16:53.896Z","modified":"2022-09-11T14:22:44.715Z","headers":[{"name":"Authorization","value":"eyJhbGciOiJIUzI1NiIsInR5cCI6IkpXVCJ9.eyJpZCI6MSwiaWF0IjoxNjYyODcxMjEyfQ.XKNAJAANMYKiwI2M3aOzgTYAN5Am7vtggmRpbVjHfv4"}],"params":[],"tests":[]},{"_id":"f875accf-2aed-4170-b48b-9532a7ffd577","colId":"a4151f08-88d1-4a20-aa81-1e086bc903f5","containerId":"","name":"Create new","url":"localhost:5000/notes","method":"POST","sortNum":40000,"created":"2022-09-11T14:16:53.897Z","modified":"2022-09-11T14:18:40.122Z","headers":[{"name":"Authorization","value":"eyJhbGciOiJIUzI1NiIsInR5cCI6IkpXVCJ9.eyJpZCI6MSwiaWF0IjoxNjYyODcxMjEyfQ.XKNAJAANMYKiwI2M3aOzgTYAN5Am7vtggmRpbVjHfv4"}],"params":[],"body":{"type":"json","raw":"{\n  \"note\":\"Estou anotando aqui...\",\n  \"title\":\"Minha nota\"\n}","form":[]},"tests":[]}]}
