{"client":"Thunder Client","collectionName":"network","dateExported":"2022-09-12T20:23:48.900Z","version":"1.1","folders":[],"requests":[{"_id":"03485328-3324-45d6-96ca-995855508ddd","colId":"4b88bb6c-9967-4cbd-b728-f011b4ac5a3d","containerId":"","name":"Delete by ID","url":"localhost:5000/networks/1","method":"DELETE","sortNum":10000,"created":"2022-09-11T14:55:43.843Z","modified":"2022-09-11T14:58:23.149Z","headers":[{"name":"Authorization","value":"eyJhbGciOiJIUzI1NiIsInR5cCI6IkpXVCJ9.eyJpZCI6MSwiaWF0IjoxNjYyODcxMjEyfQ.XKNAJAANMYKiwI2M3aOzgTYAN5Am7vtggmRpbVjHfv4"}],"params":[],"tests":[]},{"_id":"0117f9ec-0f2b-4631-ba9e-be16cb7a956b","colId":"4b88bb6c-9967-4cbd-b728-f011b4ac5a3d","containerId":"","name":"Get All by user ID","url":"localhost:5000/networks","method":"GET","sortNum":20000,"created":"2022-09-11T14:55:43.845Z","modified":"2022-09-11T14:57:52.822Z","headers":[{"name":"Authorization","value":"eyJhbGciOiJIUzI1NiIsInR5cCI6IkpXVCJ9.eyJpZCI6MSwiaWF0IjoxNjYyODcxMjEyfQ.XKNAJAANMYKiwI2M3aOzgTYAN5Am7vtggmRpbVjHfv4"}],"params":[],"tests":[]},{"_id":"b0449c81-3a67-4bd8-beeb-db0d6486b018","colId":"4b88bb6c-9967-4cbd-b728-f011b4ac5a3d","containerId":"","name":"Get by its ID","url":"localhost:5000/networks/1","method":"GET","sortNum":30000,"created":"2022-09-11T14:55:43.846Z","modified":"2022-09-11T14:58:14.975Z","headers":[{"name":"Authorization","value":"eyJhbGciOiJIUzI1NiIsInR5cCI6IkpXVCJ9.eyJpZCI6MSwiaWF0IjoxNjYyODcxMjEyfQ.XKNAJAANMYKiwI2M3aOzgTYAN5Am7vtggmRpbVjHfv4"}],"params":[],"tests":[]},{"_id":"a127031e-facc-44b9-b343-1989872721d3","colId":"4b88bb6c-9967-4cbd-b728-f011b4ac5a3d","containerId":"","name":"Create new","url":"localhost:5000/networks","method":"POST","sortNum":40000,"created":"2022-09-11T14:55:43.847Z","modified":"2022-09-11T14:57:35.807Z","headers":[{"name":"Authorization","value":"eyJhbGciOiJIUzI1NiIsInR5cCI6IkpXVCJ9.eyJpZCI6MSwiaWF0IjoxNjYyODcxMjEyfQ.XKNAJAANMYKiwI2M3aOzgTYAN5Am7vtggmRpbVjHfv4"}],"params":[],"body":{"type":"json","raw":"{\n  \"networkName\":\"Casinha\",\n  \"password\":\"12345\"\n}","form":[]},"tests":[]}]}
